_id,mname,tag,mlength,releaseday,isSequel,type,region,distributor,boxoffice_tot,boxoffice_pm,boxoffice_1std,boxoffice_1stw,boxoffice_1stwk
642658,星球大战外传：侠盗一号,科幻 动作 冒险,134,2017/1/6,1,3D IMAX 2D,美国,中影 华夏,478000000,3890000,71800000,225000000,149000000
653421,玩命直播,动作 惊悚 冒险,97,2017/1/6,0,2D,美国,华夏,13000000,4000,1960000,7860000,5900000
640184,恐怖理发店,惊悚 恐怖,90,2017/1/6,0,2D,中国,东阳四月天,5030000,8000,541000,1460000,907000
659022,猪猪侠之英雄猪少年,动画 喜剧 奇幻 冒险,91,2017/1/7,0,2D,中国,乐视影业,46000000,13300000,8730000,21100000,16800000
657105,一万公里的约定,爱情 亲情 励志 运动,105,2017/1/6,0,2D,中国台湾,中影 爱奇艺影业,3750000,3000,1200000,2670000,1460000
658667,一路逆风,纪录片 音乐,91,2017/1/6,0,2D,中国,龙传媒 春秋永乐影视,3280000,753000,732000,2020000,1020000
657814,太空旅客,科幻 冒险,118,2017/1/13,0,3D,美国,中影 华夏,314000000,469000,39200000,129000000,89100000
658620,大卫贝肯之倒霉特工熊,动画 冒险,86,2017/1/13,0,3D 2D,中国,奥飞影业（上海） 霍尔果斯鑫岳影视 鑫岳影业...,126000000,152000,10600000,43200000,32500000
655281,魔弦传说,动画 冒险 奇幻,102,2017/1/13,0,3D 2D,美国,中影,43900000,47000,7180000,22200000,15000000
643385,天空之眼,剧情 战争,102,2017/1/13,0,2D,英国,华夏,17400000,11000,2770000,8900000,6120000
628242,少年巴比伦,爱情 喜剧 青春 剧情,96,2017/1/13,0,2D,中国,华谊兄弟 华夏 华影天下（天津）,3140000,1000,846000,1900000,1050000
621560,降临,科幻 剧情 悬疑,117,2017/1/20,0,2D,美国,中影 华夏,109000000,157000,19600000,54600000,34900000
643232,健忘村,喜剧 奇幻 武侠 古装,116,2017/1/27,0,2D,中国/中国台湾,五洲电影 华夏,16000000,6570000,1580000,11400000,3300000
619719,西游伏妖篇,奇幻 喜剧,108,2017/1/28,1,3D IMAX,中国/中国香港,淘票票 和和影业 四海电影...,1660000000,11900000,356000000,590000000,578000000
655318,熊出没之奇幻空间,动画 喜剧 儿童,91,2017/1/28,0,3D 2D,中国,乐视（天津） 珠江影业 本来影业...,522000000,21500000,52100000,102000000,102000000
655798,乘风破浪,剧情,102,2017/1/28,0,2D,中国,上海博纳 华夏,1050000000,2370000,67900000,130000000,127000000
629898,功夫瑜伽,喜剧 动作 冒险,108,2017/1/28,0,3D 2D,中国/印度,太合数娱 华夏 华策影业（天津）...,1750000000,3390000,138000000,273000000,269000000
637920,大闹天竺,喜剧 动作 冒险,100,2017/1/28,0,2D,中国,猫眼文化 光线影业 华夏,758000000,5560000,188000000,313000000,307000000
658967,了不起的菲丽西,动画 冒险 亲情 歌舞,90,2017/2/1,0,3D 2D,法国/加拿大,华夏,40300000,26000,4970000,22200000,8080000
618780,东北往事之破马张飞,喜剧 动作 剧情,99,2017/2/3,0,2D,中国,娱跃影业 银河文化 恒业影业（北京）...,106000000,152000,26500000,59000000,32400000
643910,萤火奇兵,动画 冒险,85,2017/2/5,0,2D,中国,霍尔果斯鑫岳影视 鑫岳影业 喜鹊电影...,7990000,12000,3100000,3110000,3100000
643725,游戏规则,动作 剧情,126,2017/2/10,0,3D 2D,中国,中影,103000000,17600000,4730000,16700000,11800000
573814,极限特工：终极回归,动作 冒险,107,2017/2/10,1,3D IMAX,美国,中影 华夏,1130000000,5270000,143000000,435000000,286000000
643191,决战食神,喜剧 爱情 动作,98,2017/2/10,0,2D,中国/中国香港,淘票票 万达影视 五洲电影...,122000000,1010000,33500000,86200000,52000000
658378,爱乐之城,爱情 喜剧 歌舞,129,2017/2/14,0,IMAX 2D,美国,中影,248000000,12400000,71500000,160000000,44100000
660155,疯岳撬佳人,爱情 喜剧,94,2017/2/14,0,2D,中国,华谊兄弟 华谊兄弟电影发行 华影天下（天津）...,63900000,24000,33900000,55600000,7120000
654608,合约男女,爱情 喜剧,96,2017/2/14,0,2D,中国/中国香港,霍尔果斯博纳 华夏,59500000,392000,34200000,53200000,5280000
658818,欢乐好声音,动画 喜剧 音乐,108,2017/2/17,0,3D IMAX 2D,美国,中影 华夏,216000000,38000,14900000,83300000,68400000
640807,上海王,动作 爱情 黑帮,111,2017/2/17,0,2D,中国,枫海传媒（象山） 风筝影业,13700000,35000,2990000,8090000,5070000
656491,完美有多美,奇幻 喜剧 剧情,103,2017/2/17,0,2D,中国,环鹰时代 环球联影 众合千澄,8410000,373000,2970000,6370000,3120000
623100,生化危机：终章,科幻 动作,99,2017/2/24,1,3D 2D,美国/德国,中影 华夏,1110000000,16300000,214000000,656000000,425000000
659054,刺客信条,动作 冒险 科幻,116,2017/2/24,0,3D IMAX,中国香港/美国/英国/法国,中影,161000000,2370000,40300000,119000000,77000000
660278,一条狗的使命,喜剧 动物 冒险 剧情,101,2017/3/3,0,2D,美国,华夏,608000000,656000,24500000,120000000,95400000
656944,金刚狼3：殊死一战,动作 科幻,123,2017/3/3,1,IMAX 2D,美国,中影 华夏,732000000,5310000,104000000,342000000,234000000
659754,乐高蝙蝠侠大电影,动画 喜剧 动作 冒险,105,2017/3/3,0,3D IMAX 2D,美国,中影 华夏,42100000,26000,3920000,24600000,20700000
641576,惊魂绣花鞋,惊悚 恐怖,89,2017/3/3,0,2D,中国,东阳四月天,5940000,12000,1130000,3230000,2090000
631766,碟仙诡谭2,惊悚 恐怖,86,2017/3/10,1,3D 2D,中国,开启者文化 优壹文化 帧画影视...,12800000,46000,2870000,7130000,4210000
637377,天才捕手,剧情 传记,104,2017/3/10,0,2D,美国/英国,中影,14800000,9000,3500000,9500000,5990000
652752,最终幻想15：王者之剑,科幻 动作 动画 冒险,116,2017/3/10,1,2D,日本,中影,28800000,122000,7660000,21100000,13300000
660329,玛格丽特的春天,喜剧 爱情,90,2017/3/10,0,2D,中国,众合千澄 影联传媒 星美影视发行,7140000,77000,1570000,4510000,2870000
639864,夜色撩人,爱情 悬疑,104,2017/3/10,0,2D,中国,天津博纳 华夏,3770000,7000,1160000,2500000,1330000
658099,美女与野兽,奇幻 爱情,130,2017/3/17,0,3D IMAX 2D,美国,中影 华夏,592000000,2020000,83900000,311000000,225000000
643220,通灵姐妹,惊悚 恐怖,90,2017/3/17,0,2D,中国,东阳四月天,4710000,5000,763000,2180000,1410000
657877,金刚：骷髅岛,动作 奇幻 冒险,119,2017/3/24,0,3D IMAX 2D,美国,中影 华夏,1160000000,9340000,151000000,503000000,343000000
654668,欢乐喜剧人,喜剧 真人秀,87,2017/3/24,0,2D,中国,影联传媒 星美影视发行 春秋永乐影视...,67000000,77000,19200000,49100000,29800000
655812,八月,剧情 怀旧,110,2017/3/24,0,2D,中国,爱奇艺影业,4370000,49000,726000,2330000,1570000
652766,领袖1935,战争 军事,104,2017/3/28,0,2D,中国,中影 潇影第二影业 天尚文化,1300000,14000,132000,455000,99000
641155,嫌疑人X的献身,剧情 犯罪 悬疑,112,2017/3/31,0,2D,中国,光线影业 青春光线 猫眼文化,402000000,1190000,46500000,161000000,114000000
655350,非凡任务,动作 剧情 枪战 犯罪,122,2017/3/31,0,2D,中国/中国香港,完美影视 华策影业（天津） 华夏...,156000000,1240000,14300000,58700000,44400000
657339,绑架者,动作 犯罪,95,2017/3/31,0,2D,中国,三月谷雨 五洲电影 淘票票...,95700000,418000,16600000,44700000,27900000
658999,冰雪大作战,动画 喜剧 亲情,83,2017/4/1,0,3D 2D,加拿大,中影,43200000,26000,2820000,11700000,11700000
653966,有完没完,喜剧 剧情,99,2017/4/1,0,2D,中国,恒业影业（北京） 福建恒业,37400000,206000,8060000,15000000,14900000
643219,怨灵宿舍之白纸女生,惊悚 恐怖,87,2017/4/1,0,2D,中国,东阳四月天,2690000,7000,480000,902000,895000
657795,攻壳机动队,科幻 动作,107,2017/4/7,0,3D IMAX,美国,中影 华夏,203000000,2320000,49700000,149000000,96600000
662059,一念无明,剧情 亲情,103,2017/4/7,0,2D,中国香港,浙江博纳影视,9410000,11000,880000,3830000,2940000
655877,点五步,剧情 运动,96,2017/4/7,0,2D,中国香港,紫禁城三联,3740000,8000,579000,1800000,1220000
629871,大话西游之大圣娶亲,喜剧 动作 冒险 爱情,95,2017/4/13,1,2D,中国/中国香港,华夏 影联传媒,189000000,14200000,16600000,107000000,62000000
659757,速度与激情8,动作 犯罪,136,2017/4/14,1,3D IMAX 2D,美国,中影 华夏,2670000000,62700000,417000000,1350000000,872000000
660460,指甲刀人魔,爱情 奇幻 喜剧,100,2017/4/14,0,2D,中国/中国香港,喀什嘉映 伊犁卓然影业 娱跃影业,4500000,1000,1400000,3210000,1810000
654821,怨灵宿舍之人偶老师,惊悚 恐怖,84,2017/4/14,0,2D,中国,东阳四月天,1210000,4000,125000,356000,228000
656367,爱情冻住了,喜剧 爱情,95,2017/4/14,0,2D,中国台湾,中影,528000,48000,173000,363000,143000
638811,傲娇与偏见,爱情 喜剧,108,2017/4/20,0,2D,中国,淘票票 中联华盟 横店影视娱乐...,124000000,1560000,10600000,67800000,43400000
659760,蓝精灵：寻找神秘村,动画 喜剧 奇幻 冒险,90,2017/4/21,0,3D,美国,中影 华夏,174000000,38000,14100000,77600000,63500000
641928,血狼犬,剧情 动作 冒险,90,2017/4/21,0,2D,中国,西影集团,25200000,64000,3480000,12800000,9300000
631024,神秘家族,惊悚 悬疑,122,2017/4/21,0,2D,中国,福建恒业,14900000,19000,4870000,11300000,6380000
655935,窦娥奇冤,剧情 动作 悬疑,93,2017/4/21,0,2D,中国,基点影视,4470000,32000,1380000,2970000,1560000
642970,和田玉传奇,剧情 冒险,94,2017/4/25,0,2D,中国,热血游族,5540000,,209000,666000,93000
628157,喜欢你,爱情 喜剧,107,2017/4/27,0,2D,中国,联瑞影业 我们亚博思 喀什嘉映...,211000000,13800000,17000000,118000000,63600000
657278,午夜惊魂路,惊悚 恐怖,80,2017/4/27,0,2D,中国,光映影视 小山影视,2330000,,124000,934000,563000
660393,拆弹专家,动作 悬疑 犯罪,120,2017/4/28,0,2D,中国/中国香港,霍尔果斯博纳 寰宇纵横世纪发行 华夏...,400000000,1160000,47400000,182000000,133000000
644001,记忆大师,剧情 悬疑 犯罪,119,2017/4/28,0,IMAX 2D,中国,五洲电影 华夏,293000000,1150000,45500000,158000000,111000000
644667,春娇救志明,爱情 喜剧,117,2017/4/28,1,2D,中国/中国香港,青春光线 光线影业 华夏,176000000,7290000,29900000,91500000,59800000
637401,灵狼传奇,动画 冒险,88,2017/4/29,0,3D 2D,俄罗斯,中影 华夏,11500000,7000,2680000,5590000,5580000
659327,摔跤吧！爸爸,喜剧 运动 剧情 传记,140,2017/5/5,0,2D,印度,中影 华夏,1300000000,426000,15800000,86900000,71000000
644133,银河护卫队2,科幻 动作,136,2017/5/5,1,3D IMAX 2D,美国,中影 华夏,686000000,6360000,98600000,343000000,238000000
658346,麻烦家族,喜剧 亲情,103,2017/5/11,0,2D,中国,猫眼文化,32300000,94000,8450000,27200000,11500000
628794,以爱为名,爱情 剧情,88,2017/5/12,0,2D,中国,影联传媒 大唐国际,8720000,12000,684000,1100000,402000
657876,亚瑟王：斗兽争霸,动作 冒险 剧情,127,2017/5/12,0,3D,美国,中影,57100000,228000,11800000,36900000,24900000
639686,毒。诫,动作 传记 犯罪,100,2017/5/12,0,2D,中国/中国香港,银都机构（广州） 摩天石文化 天津耳东影业,40300000,425000,11900000,28500000,16100000
661849,超凡战队,动作 科幻 冒险,125,2017/5/12,0,3D 2D,中国香港/美国/加拿大,中影,30100000,327000,9630000,24500000,14600000
631232,提着心吊着胆,喜剧 悬疑 犯罪,97,2017/5/12,0,2D,中国,娱跃影业 微影时代 华夏...,13700000,701000,3600000,9520000,5920000
641042,碟仙前传,惊悚 恐怖,89,2017/5/12,0,2D,中国,环鹰时代,3150000,6000,718000,1500000,781000
641028,20:16,剧情 运动,100,2017/5/18,0,2D,中国,影创天地,4910000,65000,1220000,3220000,1500000
657817,异星觉醒,科幻 灾难 惊悚,104,2017/5/19,0,2D,美国,中影 华夏,136000000,916000,25100000,91000000,65000000
643989,守护者：世纪战元,科幻 动作 冒险,90,2017/5/19,0,3D,俄罗斯,华夏,20200000,169000,5290000,15900000,10400000
656607,当怪物来敲门,奇幻 剧情 儿童,108,2017/5/19,0,2D,美国/英国/西班牙,华夏,14600000,101000,2570000,10900000,8290000
641280,抢红,动作 犯罪 枪战,90,2017/5/19,0,2D,中国/中国香港,北京寰亚发行 无限自在 众合千澄...,16300000,70000,5820000,13200000,7330000
642158,美容针,爱情 剧情,97,2017/5/19,0,2D,中国,五洲电影 万达影业（青岛） 华夏,10100000,76000,2250000,7520000,5190000
627813,不期而遇,爱情 喜剧 公路,94,2017/5/19,0,2D,中国/美国,电广影业 聚禾影画 北京新影联...,7100000,31000,1480000,5420000,3910000
659751,加勒比海盗5：死无对证,动作 奇幻 冒险,129,2017/5/26,1,3D IMAX 2D,美国,中影 华夏,1180000000,14600000,133000000,469000000,321000000
643425,荡寇风云,战争 动作,129,2017/5/27,0,2D,中国/中国香港,霍尔果斯博纳 华夏,65100000,867000,15000000,28700000,27900000
630645,“吃吃”的爱,爱情 喜剧,91,2017/5/27,0,2D,中国,乐视影业,27500000,402000,8190000,14600000,14400000
664833,三只小猪2,动画 冒险,70,2017/5/27,1,3D 2D,中国,文投艺达 优漫卡通,24600000,4560000,1140000,5040000,5030000
662472,我的爸爸是国王,动画 喜剧,84,2017/5/27,0,3D 2D,中国,先锋传奇 东阳影响力 腾清动漫...,15700000,4000,577000,2930000,2930000
631379,临时演员,爱情 喜剧,93,2017/5/27,0,2D,中国,星美影视发行,12900000,28000,4210000,7080000,7070000
640099,夏天19岁的肖像,爱情 悬疑,105,2017/5/27,0,2D,中国,猫眼文化 霍尔果斯大盛国际 浮生影业...,9370000,197000,3180000,5430000,5370000
654416,诡异酒楼,惊悚 恐怖,90,2017/5/26,0,2D,中国,金亿乾坤发行 十品影业,1660000,9000,198000,447000,247000
665350,哆啦A梦：大雄的南极冰冰凉大冒险,动画 冒险,101,2017/5/30,1,2D,日本,华夏 凤仪（内蒙古）影业,149000000,56000,33900000,115000000,25000000
401891,神奇女侠,动作 奇幻 冒险,142,2017/6/2,0,3D IMAX,美国,中影 华夏,610000000,7030000,74000000,266000000,185000000
644326,美好的意外,喜剧 奇幻,105,2017/6/2,0,2D,中国,华谊兄弟,17600000,136000,4330000,10900000,6510000
354716,迷失Z城,动作 冒险 传记,104,2017/6/2,0,2D,美国,华夏,7040000,6000,1840000,4590000,2750000
659758,新木乃伊,动作 奇幻 冒险,106,2017/6/9,0,3D IMAX,美国,中影 华夏,626000000,9130000,120000000,360000000,231000000
656460,忠爱无言,剧情 动物,87,2017/6/9,0,2D,中国,环鹰时代,25600000,47000,115000,2570000,2420000
617233,异兽来袭,科幻 惊悚 灾难,87,2017/6/9,0,2D,中国,大顺（北京）影视,10100000,,345000,2060000,1710000
611496,李雷和韩梅梅,爱情 青春,90,2017/6/9,0,2D,中国,大地时代发行 横店电影发行 金逸影视,40700000,43000,11900000,31100000,19200000
644946,碟仙之毕业照,惊悚 恐怖,87,2017/6/9,0,2D,中国,东阳四月天,3080000,8000,718000,1710000,980000
657849,异形：契约,科幻 惊悚 冒险,116,2017/6/16,1,IMAX 2D,美国,中影 华夏,311000000,6460000,70000000,200000000,124000000
613847,重返·狼群,纪录片 动物,98,2017/6/16,0,2D,中国,青春光线 猫眼文化 华夏,33000000,1210000,2610000,12000000,9140000
625947,中国推销员,动作 枪战 剧情 爱情 战争,110,2017/6/16,0,2D,中国,中影 五洲电影,10100000,130000,3030000,7280000,4210000
643752,借眼,惊悚 悬疑,90,2017/6/16,0,3D 2D,中国,基点影视,4730000,15000,1270000,2720000,1430000
642783,冈仁波齐,纪录片 剧情,117,2017/6/20,0,2D,中国,华夏 马灯电影,100000000,74000,1750000,17000000,9060000
658495,雄狮,剧情,119,2017/6/22,0,2D,澳大利亚,华夏,17200000,195000,2040000,9680000,5890000
656946,变形金刚5：最后的骑士,动作 冒险 科幻,150,2017/6/23,1,3D IMAX 2D,美国,中影 华夏,1550000000,42300000,290000000,872000000,540000000
666103,原谅他77次,爱情 剧情,97,2017/6/23,0,2D,中国香港,星美影业,75500000,117000,3220000,14900000,11600000
640499,缉枪,动作 犯罪 剧情 警匪,106,2017/6/23,0,2D,中国,天天影业 环球联影 顶峰时代,16500000,15000,2110000,5130000,3010000
665899,我不做大哥好多年,喜剧 爱情,93,2017/6/23,0,2D,中国台湾,中影,7700000,13000,2450000,5340000,2870000
640505,逆时营救,科幻 动作 悬疑,106,2017/6/29,0,3D 2D,中国,耀影发行 娱跃影业 微影时代...,201000000,116000,18000000,119000000,67300000
617733,反转人生,喜剧 奇幻,110,2017/6/29,0,2D,中国,安乐影业 联瑞影业,69500000,1990000,8160000,46800000,22200000
661453,血战湘江,战争 主旋律,118,2017/6/30,0,2D,中国,中影 北京亚细亚 上影发行...,73700000,1380000,4550000,14000000,8290000
658903,仙球大战,喜剧 古装 运动,84,2017/6/30,0,2D,中国,安石英纳发行（江苏） 华夏 星皓东方...,9820000,2000,3810000,7030000,3220000
642915,明月几时有,剧情 战争 文艺,131,2017/7/1,0,2D,中国/中国香港,上海博纳 华夏,62900000,238000,19200000,33800000,33500000
630017,京城81号2,惊悚 悬疑 恐怖,98,2017/7/6,1,3D 2D,中国,恒业影业（北京） 华夏,219000000,20000,41300000,141000000,63400000
661098,与君相恋100次,爱情 奇幻,116,2017/7/6,0,2D,日本,中影,13500000,9000,3820000,9120000,3750000
644666,神偷奶爸3,动画 喜剧,90,2017/7/7,1,3D IMAX,美国,中影,1040000000,5530000,138000000,444000000,303000000
641878,绝世高手,喜剧 动作,116,2017/7/7,0,2D,中国,华谊兄弟电影 华谊兄弟电影发行 华影天下（天津）...,101000000,10900000,23400000,67000000,38200000
640770,秘果,爱情 青春,99,2017/7/7,0,2D,中国,青春光线 华夏,7960000,137000,2780000,5810000,2930000
663007,青禾男高,爱情 动作 喜剧,98,2017/7/12,0,2D,中国/中国台湾,阿里巴巴影业 联瑞影业 和和影业...,30400000,1100000,6810000,25000000,6860000
629524,悟空传,奇幻 动作,123,2017/7/13,0,3D IMAX,中国,新丽电影发行 磨铁娱乐 三次元影业...,697000000,6770000,108000000,402000000,201000000
641954,大护法,动画 奇幻 武侠,93,2017/7/13,0,3D,中国,猫眼文化 华夏,87600000,286000,7300000,33200000,20800000
643813,喵星人,奇幻 喜剧,109,2017/7/14,0,2D,中国/中国香港,引力影视投资 英皇发行 五洲电影...,44800000,193000,11000000,31300000,20300000
658695,深夜食堂2,剧情,108,2017/7/18,1,2D,日本,华夏,13900000,30000,4320000,11400000,2630000
640808,绣春刀·修罗战场,动作 古装 悬疑,120,2017/7/19,1,2D,中国,影联传媒 华夏,266000000,3970000,34800000,176000000,87000000
654136,闪光少女,喜剧 音乐,103,2017/7/20,0,2D,中国,安乐影业 淘票票 联瑞影业,64900000,9910000,6030000,25400000,11700000
657204,父子雄兵,喜剧 亲情,105,2017/7/21,0,2D,中国,霍尔果斯五洲电影发行 华夏,125000000,6620000,26500000,78200000,51500000
644456,阿唐奇遇,动画 冒险,99,2017/7/21,0,3D,中国,大地时代发行 中影 金逸影视...,30400000,416000,5450000,19000000,13600000
665139,绿野仙踪之奥兹国奇幻之旅,动画 冒险,92,2017/7/21,0,3D 2D,俄罗斯,中影,9050000,,2120000,6310000,4190000
663032,S的秘密,喜剧 爱情,84,2017/7/20,0,2D,中国,乐从和影业 华夏,4580000,,1310000,3680000,1600000
641515,战狼2,动作 战争 军事,123,2017/7/27,1,3D IMAX 2D,中国,北京文化 影联传媒 启泰远洋...,5680000000,351000,102000000,997000000,680000000
642415,建军大业,战争 军事 革命 剧情,133,2017/7/27,0,IMAX 2D,中国/中国香港,中影 霍尔果斯博纳 浙江博纳影视,403000000,203000,38000000,203000000,110000000
629490,大耳朵图图之美食狂想曲,动画 喜剧 冒险,91,2017/7/28,0,2D,中国,民新影视 上影发行 星云天地...,43000000,4080000,3960000,17400000,13400000
639117,豆福传,动画,82,2017/7/28,0,3D 2D,中国,微影时代 娱跃影业 友梦文化...,15900000,40000,4240000,12300000,8030000
629924,三生三世十里桃花,爱情 古装 玄幻,109,2017/8/3,0,3D IMAX 2D,中国,青春光线 华夏,535000000,1000,170000000,428000000,150000000
654333,龙之战,战争 动作,112,2017/8/4,0,2D,中国,一九零五网络 寰宇纵横世纪发行 1905影业,65300000,23000,3230000,10600000,7370000
640824,玩偶奇兵,动画 奇幻 冒险,88,2017/8/4,0,3D 2D,中国,北京亚细亚 橙欢映画（,31700000,746000,3410000,11800000,8380000
627917,我是马布里,剧情 运动,110,2017/8/4,0,2D,中国/美国,华谊兄弟电影发行 华影天下（天津） 淘票票...,8900000,272000,2420000,5650000,3090000
638804,谁是球王,喜剧 运动 励志,98,2017/8/3,0,2D,中国,全盛世纪 北京正泓文化有限责任公司,993000,108000,516000,690000,74000
642572,大象林旺之一炮成名,动画 战争,77,2017/8/4,0,2D,中国,环鹰时代,3360000,12000,784000,1800000,1010000
642781,心理罪,动作 悬疑,110,2017/8/11,0,2D,中国,霍尔果斯乐视影业 五洲电影 万达影视,304000000,2930000,63800000,164000000,98200000
641537,地球：神奇的一天,纪录片,89,2017/8/11,0,2D,中国/英国,尚世影业,47800000,528000,1330000,10600000,9260000
655595,侠盗联盟,动作 冒险,108,2017/8/11,0,IMAX 2D,中国/中国香港,引力影视国际 阿里巴巴影业 淘票票...,237000000,1480000,54400000,150000000,93700000
628130,鲛珠传,奇幻 动作 爱情 玄幻,108,2017/8/11,0,3D IMAX,中国,上影发行 四海电影 五洲电影...,114000000,1090000,36700000,83500000,46000000
642681,二十二,纪录片 剧情,95,2017/8/14,0,2D,中国,润智影业,170000000,705000,3360000,124000000,42400000
644896,杀破狼·贪狼,动作 警匪,101,2017/8/17,0,2D,中国/中国香港,霍尔果斯博纳 华夏,522000000,1950000,63100000,279000000,151000000
652849,破·局,动作 剧情 犯罪,112,2017/8/17,0,2D,中国,猫眼文化 华夏,64500000,1360000,15600000,44000000,18300000
655319,十万个冷笑话2,动画 喜剧,101,2017/8/18,1,2D,中国,五洲电影 万达影业（青岛） 上海炫动...,134000000,2940000,17400000,55800000,37800000
658090,赛尔号大电影6：圣者无敌,动画 冒险 喜剧,97,2017/8/18,1,2D,中国,上影发行 华夏,103000000,13000000,14400000,50100000,35700000
659752,赛车总动员3：极速挑战,动画 喜剧 冒险,109,2017/8/25,1,3D IMAX 2D,美国,中影 华夏,137000000,87000,19900000,72100000,52100000
642197,星际特工：千星之城,科幻 动作 冒险,137,2017/8/25,0,3D IMAX,法国,中影 基美影业,409000000,2270000,59900000,193000000,132000000
661852,极盗车神,动作 犯罪,109,2017/8/25,0,2D,美国/英国,中影 华夏,109000000,959000,24900000,64800000,38900000
666143,二次初恋,爱情 奇幻 喜剧,98,2017/8/31,0,2D,中国,星烁时代 华夏 乐华圆娱...,26100000,9190000,3290000,21700000,6120000
654309,敦刻尔克,战争 剧情,107,2017/9/1,0,IMAX 2D,美国/英国/法国/荷兰,中影 华夏,340000000,3090000,57500000,198000000,138000000
664926,银魂,喜剧 科幻 动作 剧情,130,2017/9/1,0,2D,日本,华夏,81400000,777000,22500000,61000000,37700000
661850,黑白迷宫,动作 警匪 剧情,99,2017/9/1,0,2D,中国/中国香港,爱奇艺影业（上海） 华夏,33100000,4840000,7410000,23100000,10900000
657831,蜘蛛侠：英雄归来,动作 科幻 冒险 奇幻,133,2017/9/8,1,3D IMAX,美国,中影 华夏,774000000,9890000,135000000,462000000,318000000
656273,声之形,动画 爱情 友情,111,2017/9/8,0,2D,日本,中影,44500000,145000,9500000,33100000,23500000
6348,失业生,剧情 青春 爱情,91,2017/9/8,0,2D,中国香港,福建恒业 星光联盟影业,6100000,28000,1650000,4220000,2560000
668762,怪物岛,动画 冒险,81,2017/9/9,0,2D,墨西哥,中影,4830000,21000,1970000,3700000,3690000
665947,看不见的客人,惊悚 悬疑,106,2017/9/15,0,2D,西班牙,中影,172000000,99000,7020000,32600000,25600000
659452,猩球崛起3：终极之战,动作 科幻 冒险,140,2017/9/15,1,3D IMAX,美国,中影 华夏,740000000,9340000,124000000,403000000,270000000
661362,刀剑神域：序列之争,动画 动作 冒险,122,2017/9/15,0,2D,日本,中影,53900000,355000,11900000,40700000,28500000
644330,会痛的十七岁,爱情 青春,91,2017/9/15,0,2D,中国,大地时代发行 横店影视 北京金逸嘉逸电影发行有限公司,7650000,12000,2750000,6140000,3380000
644444,托马斯大电影之了不起的比赛,动画 儿童 友情,81,2017/9/22,0,2D,英国,华夏,21400000,,1070000,11100000,10100000
668639,王牌保镖,喜剧 动作 冒险,110,2017/9/22,0,2D,中国/美国/荷兰/保加利亚,中影,140000000,362000,26200000,90200000,63700000
666713,捍卫者,战争,101,2017/9/22,0,2D,中国,大地时代发行 爱微笑 猎海影视,10300000,40000,839000,3820000,2960000
665140,惊天解密,动作 惊悚,99,2017/9/22,0,2D,英国,华夏,3860000,3000,851000,2490000,1630000
660009,缝纫机乐队,喜剧 剧情 音乐,117,2017/9/29,0,2D,中国,青春光线 光线传媒,457000000,4350000,37800000,75300000,36700000
652615,空天猎,动作 战争 军事,115,2017/9/29,0,2D,中国,华夏 春秋时代（霍尔果斯） 伊犁卓然影业,318000000,643000,31600000,86500000,54800000
661004,羞羞的铁拳,喜剧 运动,100,2017/9/30,0,IMAX 2D,中国,猫眼文化 华夏 四海电影...,2200000000,476000,133000000,310000000,310000000
658278,追龙,动作 犯罪,128,2017/9/30,0,2D,中国/中国香港,霍尔果斯博纳 华夏,575000000,1580000,40500000,95000000,93500000
661432,英伦对决,动作 犯罪,116,2017/9/30,0,3D IMAX 2D,中国/英国,五洲电影 耀莱影视 淘票票,537000000,3090000,72600000,147000000,144000000
661854,极致追击,动作 悬疑 犯罪,95,2017/9/30,0,3D,中国,中影 熙颐影业 大地时代发行,17500000,194000,6260000,10200000,10000000
618949,昆塔：反转星球,动画 科幻 冒险,94,2017/10/1,0,3D 2D,中国,银河文化 微影时代 娱跃影业...,50400000,7420000,7950000,8010000,7950000
617390,钢铁飞龙之再见奥特曼,动画 科幻 动作,89,2017/10/1,0,3D 2D,中国,乐视影业,40700000,83000,9390000,9400000,9400000
662620,那一场呼啸而过的青春,爱情,112,2017/10/5,0,2D,中国,乐视影业 北京金逸嘉逸电影发行有限公司  横店影视...,8770000,1520000,4760000,7330000,1080000
642177,怨灵2,惊悚 恐怖,89,2017/10/12,1,2D,中国,霍尔果斯众合千澄影业,11400000,35000,1740000,6020000,2860000
669716,十八洞村,剧情 农村,124,2017/10/13,0,2D,中国,华夏,107000000,6000,12800000,33700000,20900000
667490,天才枪手,剧情 犯罪 悬疑 青春,130,2017/10/13,0,IMAX 2D,泰国,华夏,271000000,361000,30800000,114000000,82500000
656012,情遇曼哈顿,爱情 歌舞,103,2017/10/13,0,2D,中国,霍尔果斯五洲电影发行 华夏 万达影业（青岛）,13500000,199000,4950000,10300000,5170000
644632,回到火星,科幻 爱情 冒险,120,2017/10/13,0,2D,美国,中影,9590000,26000,3730000,7630000,3870000
667847,我的爸爸是森林之王,动画 喜剧 冒险,92,2017/10/14,0,2D,法国/比利时,华夏,56100000,6000,7350000,15800000,15800000
668674,你若安好,剧情,94,2017/10/17,0,2D,中国,中影,11400000,,40000,1410000,495000
666112,时间去哪儿了,剧情,111,2017/10/19,0,2D,中国/印度/巴西/俄罗斯/南非,四海电影 上影 华夏,8470000,416000,494000,4020000,2290000
643849,王牌特工2：黄金圈,动作 喜剧 冒险,139,2017/10/20,1,3D IMAX 2D,美国/英国,中影 华夏,474000000,4560000,78200000,265000000,182000000
662547,胡杨的夏天,喜剧 爱情 剧情,90,2017/10/20,0,2D,中国,中影 影联传媒,4670000,68000,1090000,3110000,2000000
595181,蝴蝶公墓,奇幻 爱情 悬疑,97,2017/10/20,0,2D,中国/中国香港,美亚星际 珠江影业 华夏,3340000,48000,1670000,2730000,1010000
657860,全球风暴,灾难 动作 惊悚,109,2017/10/27,0,3D IMAX,美国,中影,434000000,2520000,65000000,226000000,158000000
657793,银翼杀手2049,科幻 惊悚 动作,162,2017/10/27,0,3D IMAX 2D,美国/英国/加拿大,中影 华夏,76900000,410000,16100000,50700000,34200000
662474,常在你左右,惊悚 犯罪 悬疑,90,2017/10/27,0,2D,中国/中国香港,广东昇格传媒 寰宇纵横世纪发行 天津耳东影业...,46800000,5350000,10200000,29800000,14200000
618581,七十七天,剧情 冒险,115,2017/11/3,0,2D,中国,影联传媒 华夏,104000000,392000,2670000,11400000,8600000
644134,雷神3：诸神黄昏,动作 冒险 奇幻,125,2017/11/3,1,3D IMAX,美国,中影 华夏,743000000,7430000,106000000,362000000,249000000
644033,相爱相亲,爱情 剧情,121,2017/11/3,0,2D,中国/中国台湾,猫眼文化 华夏,18200000,473000,2320000,6820000,4430000
669515,密战,动作 战争 革命 悬疑,102,2017/11/3,0,2D,中国,上影发行 四海电影 无限自在,79500000,371000,17300000,49800000,32100000
659759,东方快车谋杀案,剧情 犯罪 悬疑,114,2017/11/10,0,2D,美国,中影 华夏,230000000,651000,32900000,127000000,93500000
594269,烽火芳菲,战争 爱情,97,2017/11/10,0,2D,中国,娱跃影业 银河文化 华夏,29400000,26000,5150000,12900000,7740000
641712,狂兽,动作 犯罪,100,2017/11/10,0,3D 2D,中国/中国香港,巴福斯影业 霍尔果斯博纳 博纳影业...,67700000,473000,17200000,45800000,28100000
640112,天生不对,爱情 喜剧,99,2017/11/10,0,2D,中国,恒业影业（北京）,24300000,281000,4440000,14900000,10200000
642456,兄弟，别闹！,喜剧,90,2017/11/10,0,2D,中国,霍尔果斯五洲电影发行 华夏,12100000,288000,4130000,9080000,4840000
658422,精灵宝可梦：波尔凯尼恩与机巧的玛机雅娜,动画 冒险,94,2017/11/11,0,2D,日本,中影,25600000,6000,8470000,15400000,15400000
349187,正义联盟,动作 科幻 奇幻 冒险,120,2017/11/17,1,3D IMAX,美国,中影 华夏,690000000,8790000,101000000,345000000,236000000
666423,降魔传,奇幻 喜剧,91,2017/11/17,0,3D 2D,中国/中国香港,五洲电影 大河影业 华夏,91700000,442000,20600000,57300000,36300000
670581,英雄本色,动作 犯罪,96,2017/11/17,0,2D,中国香港,影联传媒,32600000,40000,5660000,20300000,14600000
659053,恐袭波士顿,剧情 犯罪 恐怖,131,2017/11/17,0,2D,美国,华夏,21100000,72000,3380000,13100000,9730000
669160,暴雪将至,剧情 悬疑 犯罪,118,2017/11/17,0,2D,中国,和和影业 联瑞影业 春秋永乐...,27100000,129000,7300000,20000000,12600000
642169,深宫怨灵,惊悚 恐怖,87,2017/11/17,0,2D,中国,小山影视,3690000,14000,1050000,2320000,1260000
640829,不成问题的问题,剧情,133,2017/11/21,0,2D,中国/法国,青年厂 电影频道 好样文化...,7770000,352000,1620000,5790000,1330000
670102,寻梦环游记,动画 冒险 亲情 音乐,105,2017/11/24,0,3D 2D,美国,中影,1210000000,51000,12800000,119000000,106000000
637776,追捕,动作 犯罪,107,2017/11/24,0,IMAX 2D,中国/中国香港,北京寰亚发行 影联传媒 华夏,106000000,460000,29600000,74200000,44100000
643292,引爆者,动作 犯罪,105,2017/11/24,0,2D,中国,星世纪影业 华谊兄弟 森淼丰润...,50200000,104000,11000000,32300000,21200000
669767,嘉年华,剧情 悬疑 青春,107,2017/11/24,0,2D,中国,喀什嘉映 华夏 润智影业,22200000,234000,2100000,12700000,10500000
659563,推理笔记,剧情 悬疑 爱情,95,2017/11/24,0,2D,中国,霍尔果斯乐视影业 乐视（天津）,10200000,904000,3560000,7920000,4330000
662824,一路绽放,剧情 女性,91,2017/11/23,0,2D,中国,省广影业,6800000,,2080000,4840000,1790000
666361,刺杀盖世太保,战争 剧情,99,2017/11/24,0,2D,美国/英国/法国/比利时,中影 华夏,3930000,16000,1250000,2820000,1550000
643330,垫底联盟,喜剧 竞技,98,2017/11/28,0,2D,中国,银河文化 娱跃影业 微影时代...,4300000,39000,2260000,4210000,183000
670585,至暗时刻,剧情 传记,125,2017/12/1,0,2D,美国/英国,中影 华夏,37300000,8000,2720000,14100000,11400000
669804,这就是命,喜剧 犯罪,98,2017/12/1,0,2D,中国,星烁时代 华夏 乐华圆娱...,54400000,190000,8730000,29200000,20300000
668943,烟花,动画 剧情,90,2017/12/1,0,2D,日本,华夏,78600000,399000,25100000,70900000,45400000
631100,相声大电影之我要幸福,喜剧 剧情,92,2017/12/1,0,2D,中国,中影 先锋传奇 东阳影响力,17900000,16000,6050000,14300000,8190000
659798,维京：王者之战,战争 动作,128,2017/12/1,0,2D,俄罗斯,中影,14100000,40000,5120000,11600000,6460000
667708,笔仙咒怨,惊悚 恐怖,96,2017/12/1,0,2D,中国,小山影视,5800000,213000,1030000,2870000,1630000
641093,你在哪,剧情 悬疑 犯罪,100,2017/11/30,0,2D,中国,先锋传奇,2120000,82000,650000,1840000,491000
670417,夺金四贱客,喜剧 犯罪,96,2017/12/1,0,2D,德国,中影,3540000,13000,755000,2320000,1570000
644856,帕丁顿熊2,喜剧 亲情,103,2017/12/8,1,IMAX 2D,英国/法国,中影 华夏,206000000,206000,26200000,105000000,78200000
670000,至爱梵高·星空之谜,剧情 传记 动画,95,2017/12/8,0,2D,英国/波兰,中影,68600000,147000,6890000,28700000,21700000
663013,巨额来电,动作 犯罪 剧情 警匪,123,2017/12/8,0,2D,中国,华夏 寰宇纵横世纪发行 华策影视...,55800000,142000,16200000,37700000,21400000
666290,鲨海,惊悚 灾难,89,2017/12/8,0,2D,美国/英国/多米尼加,华夏,38700000,598000,10900000,27400000,16200000
670105,勇往直前,灾难 传记 剧情,118,2017/12/8,0,2D,美国,中影,9030000,16000,2480000,5730000,3250000
657478,假如王子睡着了,爱情 喜剧,101,2017/12/8,0,2D,中国,中影 霍尔果斯众合千澄影业,5460000,20000,1900000,4200000,2280000
660330,疯狂特警队,喜剧 动作,107,2017/12/8,0,2D,法国,中影,4970000,5000,1200000,2980000,1780000
633481,双面劫匪,动作 犯罪,92,2017/12/8,0,2D,美国,华夏,3250000,12000,1140000,2420000,1270000
668715,老兽,剧情,110,2017/12/11,0,2D,中国,糖果世界 合瑞影业 全国艺术电影发行联盟...,2060000,125000,495000,1750000,208000
618897,金珠玛米,剧情 民族 传记,97,2017/12/12,0,2D,中国,全盛世纪 聚影泰和,1910000,126000,910000,1440000,141000
618517,奇门遁甲,动作 奇幻 武侠,113,2017/12/14,0,3D IMAX,中国/中国香港,乐视影业 猫眼文化 华夏,300000000,13700000,26700000,211000000,116000000
659453,芳华,战争 剧情 爱情,136,2017/12/15,0,IMAX 2D,中国,华谊兄弟电影 华影天下（天津） 华夏,1420000000,25600000,76100000,294000000,217000000
671628,圣诞奇妙公司,喜剧 亲情,99,2017/12/15,0,2D,法国,中影,4930000,161000,826000,3060000,2190000
643285,妖猫传,奇幻 爱情 悬疑 古装,129,2017/12/22,0,IMAX 2D,中国/日本,新丽电影发行 华夏 华策影业（天津）...,530000000,91000,74200000,243000000,169000000
653101,心理罪之城市之光,剧情 动作 犯罪 悬疑,124,2017/12/22,0,2D,中国,猫眼文化,224000000,4970000,54800000,141000000,85600000
643308,机器之血,科幻 动作 悬疑,110,2017/12/22,0,3D IMAX 2D,中国,合一影业 枫海传媒（象山） 淘票票...,305000000,2370000,76100000,198000000,120000000
663359,前任3：再见前任,喜剧 爱情,120,2017/12/29,1,2D,中国,华谊兄弟电影 华谊兄弟电影发行 华影天下（天津）...,1920000000,13600000,64500000,295000000,217000000
653548,二代妖精之今生有幸,奇幻 喜剧 爱情,110,2017/12/29,0,3D 2D,中国,北京文化 合瑞影业 腾讯影业...,292000000,1170000,57800000,169000000,111000000
669715,妖铃铃,喜剧,88,2017/12/29,0,2D,中国/中国香港,联瑞影业 我们亚博思 喀什嘉映...,363000000,620000,90700000,251000000,160000000
641143,解忧杂货店,奇幻 剧情,109,2017/12/29,0,2D,中国/中国香港,五洲电影,225000000,9110000,38300000,144000000,105000000
638980,小猫巴克里,动画 儿童 亲情 奇幻 冒险,86,2017/12/30,0,2D,中国/中国台湾,霍尔果斯鑫岳影视 环球联影 喜鹊电影,12100000,,3500000,6510000,6510000
659753,星球大战：最后的绝地武士,科幻 动作 冒险,152,2018/1/5,1,3D IMAX 2D,美国,中影 华夏,268000000,3670000,61400000,186000000,121000000
589946,无问西东,爱情 战争 剧情,138,2018/1/12,0,2D,中国,中影 影联传媒 企鹅影视,668000000,1190000,35500000,139000000,103000000
671456,勇敢者游戏：决战丛林,动作 奇幻 冒险,119,2018/1/12,1,3D 2D,美国,中影 华夏,480000000,3220000,74400000,258000000,182000000
670533,太空救援,科幻 冒险 剧情,104,2018/1/12,0,3D,俄罗斯,华夏,16800000,68000,5100000,11800000,6690000
668959,卧底巨星,喜剧 动作,98,2018/1/12,0,2D,中国/中国香港,耳东影业（北京）,39200000,882000,21000000,33900000,12300000
666459,大世界,动画 喜剧 犯罪,77,2018/1/12,0,2D,中国,嘉映影业 彩条屋影业 光线影业...,2610000,53000,643000,1690000,1050000
655166,咕噜咕噜美人鱼2,动画 儿童 奇幻,92,2017/12/30,1,2D,中国,新长城动漫 环鹰时代,10700000,5000,3290000,5930000,5920000
388159,迷镇凶案,喜剧 悬疑 犯罪,105,2018/1/12,0,2D,美国/英国,华夏,5660000,3000,1610000,4360000,2750000
663226,英雄本色2018,动作 剧情,110,2018/1/18,0,2D,中国,猫眼文化 华夏,62700000,163000,10100000,50800000,19200000
670328,神秘巨星,剧情 歌舞 喜剧,150,2018/1/19,0,2D,印度,中影 华夏,529000000,599000,43600000,175000000,131000000
671223,奇迹男孩,剧情 儿童 亲情,114,2018/1/19,0,2D,美国,中影,147000000,453000,16100000,54600000,38400000
671441,公牛历险记,动画 喜剧 冒险,106,2018/1/19,0,3D 2D,美国,中影 华夏,143000000,455000,9140000,60300000,50700000
661934,谜巢,动作 冒险,91,2018/1/19,0,3D,中国/澳大利亚,中影 五洲电影 大河影业,49200000,430000,20700000,39500000,18400000
657846,移动迷宫3：死亡解药,动作 科幻 惊悚,142,2018/1/26,1,3D IMAX 2D,美国,中影 华夏,224000000,1690000,52300000,146000000,92000000
671502,24小时：末路重生,动作 科幻,92,2018/1/26,0,2D,中国/美国/南非,中影,9560000,8000,3740000,7570000,3820000
405299,绝命时钟2:22,惊悚 爱情 悬疑,98,2018/1/26,0,2D,美国/澳大利亚,中影,2160000,26000,993000,1690000,699000
631257,麦兵兵之夺宝联“萌”,喜剧 冒险,87,2018/1/27,0,2D,中国,福建恒业 华夏,5290000,,1810000,2690000,2690000
662297,我是医生,剧情,108,2017/6/26,0,2D,中国,上影集团,7930000,6440000,32000,796000,122000
